,Unnamed: 0,0_RfR 0,0_RfR 1,0_RfR 2,1_RfR 0,1_RfR 1,1_RfR 2,2_RfR 0,2_RfR 1,2_RfR 2,3_RfR 0,3_RfR 1,3_RfR 2,4_RfR 0,4_RfR 1,4_RfR 2,EWS_DaysToThreat,A.1_DikeIncrease 0,A.1_DikeIncrease 1,A.1_DikeIncrease 2,A.2_DikeIncrease 0,A.2_DikeIncrease 1,A.2_DikeIncrease 2,A.3_DikeIncrease 0,A.3_DikeIncrease 1,A.3_DikeIncrease 2,A.4_DikeIncrease 0,A.4_DikeIncrease 1,A.4_DikeIncrease 2,A.5_DikeIncrease 0,A.5_DikeIncrease 1,A.5_DikeIncrease 2,A.1 Total Costs,A.1_Expected Number of Deaths,A.2 Total Costs,A.2_Expected Number of Deaths,A.3 Total Costs,A.3_Expected Number of Deaths,A.4 Total Costs,A.4_Expected Number of Deaths,A.5 Total Costs,A.5_Expected Number of Deaths,RfR Total Costs,Expected Evacuation Costs,sum rfr,sum deaths
277,277,0,0,0,0,0,0,0,0,0,0,0,0,0,0,0,0,7,0,0,3,1,0,10,6,2,7,1,0,4,0,0,68139002.95605196,0.0,91014379.6894348,0.0010576306118385,126101524.65875304,0.0,22258486.725668453,0.0,33377116.55719709,0.0,0.0,0.0,0,0.0010576306118385
558,558,0,0,0,0,0,0,0,0,0,1,0,1,0,0,0,0,7,3,3,8,1,8,7,0,0,0,0,0,0,1,0,180824753.6306084,0.0,241293734.380712,0.0,34221561.73832255,0.0,6348949.953357693,0.0041594033890154,25037214.086173728,0.0,242400000.0,0.0,0,0.0041594033890154
683,683,0,0,0,0,0,0,0,0,0,0,0,0,0,0,0,0,4,0,0,5,0,1,7,0,2,0,3,0,1,0,1,47847947.96145424,0.0,104651657.86617124,0.0,62267437.976033404,0.0,14284139.592032645,0.0037657631194653,108749811.73514718,0.0655225758429042,0.0,0.0,0,0.06928833896236951
832,832,0,0,0,0,0,0,0,0,0,0,0,0,0,0,0,2,4,3,2,9,7,4,5,0,0,4,2,0,0,3,0,143356957.13390714,0.0,280539504.06370616,0.0,28798397.130608942,0.0,18081997.288140487,0.0,113443554.20481253,0.0140686119218162,0.0,5103.412196435207,0,0.0140686119218162
1221,1221,0,0,0,0,0,0,0,0,0,0,0,0,0,0,0,0,6,0,2,4,0,0,9,7,5,4,1,0,0,1,8,106293784.88118687,0.0,53358573.6002109,0.0,136214112.81550068,0.0,16925244.491970196,0.0,137782146.44478586,0.0705160818479526,0.0,0.0,0,0.0705160818479526
